Workbook

Sheet Sheet1
A1: Product Name | B1: Category | C1: Jan | D1: Feb | E1: Mar | F1: Apr | G1: May | H1: Jun | I1: Jul | J1: Aug | K1: Sep | L1: Oct | M1: Nov | N1: Dec | O1: Total Sales | P1: Profit Margin | Q1: Profit
A2: Bee Pollen Milk | B2: Milk | C2: 578 | D2: 975 | E2: 975 | F2: 831 | G2: 935 | H2: 1021 | I2: 1214 | J2: 1346 | K2: 1435 | L2: 1532 | M2: 1632 | N2: 1641 | O2: =SUM(C2:N2) -> 14115 | P2: 0.2 | Q2: =(O2*P2) -> 2823
A3: Triple Berry Blend | B3: Milk | C3: 340 | D3: 540 | E3: 643 | F3: 991 | G3: 1241 | H3: 1241 | I3: 1453 | J3: 1638 | K3: 1781 | L3: 1801 | M3: 1850 | N3: 1873 | O3: =SUM(C3:N3) -> 15392 | P3: 0.15 | Q3: =(O3*P3) -> 2308.8
A4: Golden Years Nuts Milk | B4: Milk | C4: 433 | D4: 423 | E4: 622 | F4: 792 | G4: 1074 | H4: 1111 | I4: 1531 | J4: 1726 | K4: 1921 | L4: 2430 | M4: 2436 | N4: 2445 | O4: =SUM(C4:N4) -> 16944 | P4: 0.15 | Q4: =(O4*P4) -> 2541.6
A5: Silver Sage Black Sesame | B5: Milk | C5: 290 | D5: 234 | E5: 346 | F5: 542 | G5: 643 | H5: 532 | I5: 545 | J5: 632 | K5: 754 | L5: 781 | M5: 857 | N5: 840 | O5: =SUM(C5:N5) -> 6996 | P5: 0.1 | Q5: =(O5*P5) -> 699.6
A6: Gentle Green Tea Milk | B6: Milk | C6: 578 | D6: 678 | E6: 796 | F6: 864 | G6: 1021 | H6: 132 | I6: 1400 | J6: 1623 | K6: 1653 | L6: 1545 | M6: 1554 | N6: 1585 | O6: =SUM(C6:N6) -> 13429 | P6: 0.25 | Q6: =(O6*P6) -> 3357.25
A7: Royal Bee Pollen Swirl | B7: Ice Cream | C7: 431 | D7: 435 | E7: 646 | F7: 621 | G7: 564 | H7: 569 | I7: 984 | J7: 1212 | K7: 921 | L7: 1023 | M7: 1321 | N7: 1435 | O7: =SUM(C7:N7) -> 10162 | P7: 0.1 | Q7: =(O7*P7) -> 1016.2
A8: Triple Berry Blend | B8: Ice Cream | C8: 534 | D8: 570 | E8: 532 | F8: 921 | G8: 965 | H8: 432 | I8: 833 | J8: 912 | K8: 1243 | L8: 1367 | M8: 1380 | N8: 1392 | O8: =SUM(C8:N8) -> 11081 | P8: 0.1 | Q8: =(O8*P8) -> 1108.1
A9: Black Sesame Delight | B9: Ice Cream | C9: 321 | D9: 340 | E9: 436 | F9: 548 | G9: 551 | H9: 342 | I9: 372 | J9: 718 | K9: 832 | L9: 931 | M9: 1020 | N9: 1121 | O9: =SUM(C9:N9) -> 7532 | P9: 0.1 | Q9: =(O9*P9) -> 753.2
A10: Five-Nut Supreme | B10: Ice Cream | C10: 543 | D10: 712 | E10: 821 | F10: 964 | G10: 1467 | H10: 1742 | I10: 2333 | J10: 2221 | K10: 2522 | L10: 2743 | M10: 2723 | N10: 2934 | O10: =SUM(C10:N10) -> 21725 | P10: 0.15 | Q10: =(O10*P10) -> 3258.75
A11: B12 Fortified Nut Fusion | B11: Ice Cream | C11: 234 | D11: 362 | E11: 421 | F11: 678 | G11: 1065 | H11: 1232 | I11: 1302 | J11: 1324 | K11: 1423 | L11: 1523 | M11: 1743 | N11: 2801 | O11: =SUM(C11:N11) -> 14108 | P11: 0.17 | Q11: =(O11*P11) -> 2398.36

Sheet Sheet2
A1: =Sheet1!A1 -> Product Name | B1: =Sheet1!C1 -> Jan | C1: =Sheet1!D1 -> Feb | D1: =Sheet1!E1 -> Mar | E1: =Sheet1!F1 -> Apr | F1: =Sheet1!G1 -> May | G1: =Sheet1!H1 -> Jun | H1: =Sheet1!I1 -> Jul | I1: =Sheet1!J1 -> Aug | ... M1: =Sheet1!N1 -> Dec
A2: =Sheet1!A2 -> Bee Pollen Milk | B2: =Sheet1!C2 -> 578 | C2: =Sheet1!D2 -> 975 | D2: =Sheet1!E2 -> 975 | E2: =Sheet1!F2 -> 831 | F2: =Sheet1!G2 -> 935 | G2: =Sheet1!H2 -> 1021 | H2: =Sheet1!I2 -> 1214 | I2: =Sheet1!J2 -> 1346 | ... M2: =Sheet1!N2 -> 1641
A3: =Sheet1!A3 -> Triple Berry Blend | B3: =Sheet1!C3 -> 340 | C3: =Sheet1!D3 -> 540 | D3: =Sheet1!E3 -> 643 | E3: =Sheet1!F3 -> 991 | F3: =Sheet1!G3 -> 1241 | G3: =Sheet1!H3 -> 1241 | H3: =Sheet1!I3 -> 1453 | I3: =Sheet1!J3 -> 1638 | ... M3: =Sheet1!N3 -> 1873
A4: =Sheet1!A4 -> Golden Years Nuts Milk | B4: =Sheet1!C4 -> 433 | C4: =Sheet1!D4 -> 423 | D4: =Sheet1!E4 -> 622 | E4: =Sheet1!F4 -> 792 | F4: =Sheet1!G4 -> 1074 | G4: =Sheet1!H4 -> 1111 | H4: =Sheet1!I4 -> 1531 | I4: =Sheet1!J4 -> 1726 | ... M4: =Sheet1!N4 -> 2445

Sheet Sheet3
A1: =Sheet1!A1 -> Product Name | B1: =Sheet1!O1 -> Total Sales
A2: =Sheet1!A2 -> Bee Pollen Milk | B2: =Sheet1!O2 -> 14115
A3: =Sheet1!A3 -> Triple Berry Blend | B3: =Sheet1!O3 -> 15392
A4: =Sheet1!A4 -> Golden Years Nuts Milk | B4: =Sheet1!O4 -> 16944
A5: =Sheet1!A5 -> Silver Sage Black Sesame | B5: =Sheet1!O5 -> 6996
A6: =Sheet1!A6 -> Gentle Green Tea Milk | B6: =Sheet1!O6 -> 13429
A7: =Sheet1!A7 -> Royal Bee Pollen Swirl | B7: =Sheet1!O7 -> 10162
A8: =Sheet1!A8 -> Triple Berry Blend | B8: =Sheet1!O8 -> 11081
A9: =Sheet1!A9 -> Black Sesame Delight | B9: =Sheet1!O9 -> 7532
A10: =Sheet1!A10 -> Five-Nut Supreme | B10: =Sheet1!O10 -> 21725
A11: =Sheet1!A11 -> B12 Fortified Nut Fusion | B11: =Sheet1!O11 -> 14108
